"year", "month", "day", "organization_name","organization_title","broken_package_count","broken_resource_count","broken_resource_percent","package_count","broken_package_percent"
15, 12, 12, "azgs-az-gov","Arizona Geological Survey","336","581","17","1588","21"
15, 12, 12, "usace-army-mil","Army Corps of Engineers, Department of the Army, Department of Defense","99","207","39","128","77"
15, 12, 12, "belle-baruch-sc-edu","Baruch Institute for Marine and Coastal Sciences, Univ of South Carolina","10","14","6","26","38"
15, 12, 12, "broadcasting-board-of-governors","Broadcasting Board of Governors","6","6","100","6","100"
15, 12, 12, "bie-doi-gov","Bureau of Indian Education, Department of the Interior","1","1","100","1","100"
15, 12, 12, "blm-gov","Bureau of Land Management, Department of the Interior","5","5","4","95","5"
15, 12, 12, "boem-gov","Bureau of Ocean Energy Management, Department of the Interior","1","1","0","64","1"
15, 12, 12, "resources-ca-gov","California Department of Resources","367","367","62","585","62"
15, 12, 12, "jpl-nasa-gov","California Institute of Technology, Jet Propulsion Laboratory","1","15","83","1","100"
15, 12, 12, "austin-utexas-edu","CCAPS Program, Robert Strauss Center, University of Texas at Austin","1","1","4","9","11"
15, 12, 12, "city-of-baltimore","City of Baltimore","1","1","0","128","0"
15, 12, 12, "city-of-baton-rouge","City of Baton Rouge","3","9","11","20","15"
15, 12, 12, "city-of-charlotte","City of Charlotte","1","1","0","52","1"
15, 12, 12, "city-of-chicago","City of Chicago","12","22","1","428","2"
15, 12, 12, "city-of-los-angeles","City of Los Angeles","9","11","1","220","4"
15, 12, 12, "city-of-new-york","City of New York","29","53","1","1034","2"
15, 12, 12, "city-of-san-francisco","City of San Francisco","5","11","1","343","1"
15, 12, 12, "city-of-seattle","City of Seattle","31","73","7","268","11"
15, 12, 12, "cook-county-of-illinois","Cook County of Illinois","7","10","0","340","2"
15, 12, 12, "cornell-edu","Cornell University ","107","301","13","1772","6"
15, 12, 12, "ceq-eop-gov","Council on Environmental Quality, Executive Office of the President","99","99","98","101","98"
15, 12, 12, "usda-gov","Department of Agriculture","10","10","0","616","1"
15, 12, 12, "doc-gov","Department of Commerce","38","38","8","423","8"
15, 12, 12, "dod-gov","Department of Defense","138","146","37","378","36"
15, 12, 12, "ed-gov","Department of Education","15","37","4","233","6"
15, 12, 12, "doe-gov","Department of Energy","3","4","0","1152","0"
15, 12, 12, "dhs-gov","Department of Homeland Security","12","12","4","251","4"
15, 12, 12, "hud-gov","Department of Housing and Urban Development","13","13","6","174","7"
15, 12, 12, "doj-gov","Department of Justice","1","1","0","954","0"
15, 12, 12, "dol-gov","Department of Labor","30","31","5","374","8"
15, 12, 12, "state-gov","Department of State","3","4","0","108","2"
15, 12, 12, "treasury-gov","Department of the Treasury","8","8","2","237","3"
15, 12, 12, "dot-gov","Department of Transportation","171","176","5","3129","5"
15, 12, 12, "va-gov","Department of Veterans Affairs","2","2","0","1128","0"
15, 12, 12, "edac-unm-edu","Earth Data Analysis Center, University of New Mexico","968","2323","3","5536","17"
15, 12, 12, "eop-gov","Executive Office of the President","2","2","1","44","4"
15, 12, 12, "fcc-gov","Federal Communications Commission","2","2","16","12","16"
15, 12, 12, "fema-gov","Federal Emergency Management Agency, Department of Homeland Security","2414","12810","44","8383","28"
15, 12, 12, "ftc-gov","Federal Trade Commission","6","9","81","6","100"
15, 12, 12, "gsa-gov","General Services Administration","3","3","1","147","2"
15, 12, 12, "glc-org","Great Lakes Commission","60","297","69","86","69"
15, 12, 12, "isu-edu","Idaho State University","56","168","7","2076","2"
15, 12, 12, "imls-gov","Institute of Museum and Library Services","12","16","14","42","28"
15, 12, 12, "iastate-edu","Iowa State University GIS Support and Research Facility","19","20","4","165","11"
15, 12, 12, "kgs-ku-edu","Kansas Data Access and Support Center","31","32","9","165","18"
15, 12, 12, "lagic-lsu-edu","Louisiana Geographic Information Center","22","39","6","274","8"
15, 12, 12, "mspb-gov","Merit Systems Protection Board","3","3","100","3","100"
15, 12, 12, "mcc-gov","Millenium Challenge Corporation","3","6","0","107","2"
15, 12, 12, "montgomery-county-of-maryland","Montgomery County of Maryland","6","15","5","73","8"
15, 12, 12, "nasa-gov","National Aeronautics and Space Administration","806","806","2","31422","2"
15, 12, 12, "nara-gov","National Archives and Records Administration","1","1","1","63","1"
15, 12, 12, "nist-gov","National Institute of Standards and Technology, Department of Commerce","1","2","0","28","3"
15, 12, 12, "nlrb-gov","National Labor Relations Board","1","1","1","56","1"
15, 12, 12, "noaa-gov","National Oceanic and Atmospheric Administration, Department of Commerce","43","43","0","62534","0"
15, 12, 12, "nps-gov","National Park Service, Department of the Interior","1245","3277","12","6784","18"
15, 12, 12, "nsf-gov","National Science Foundation","5","5","3","143","3"
15, 12, 12, "ntsb-gov","National Transportation Safety Board","19","19","86","22","86"
15, 12, 12, "nitrd-gov","Networking and Information Technology Research and Development, Executive Office of the President","4","4","5","58","6"
15, 12, 12, "gis-inventory-ramona-nsgic","NSGIC GIS Inventory (aka Ramona)","3908","4886","18","13976","27"
15, 12, 12, "nrc-gov","Nuclear Regulatory Commission","15","15","24","61","24"
15, 12, 12, "usa-net","Nuna Technologies","1","2","10","8","12"
15, 12, 12, "ornl-gov","Oak Ridge National Laboratory","12","45","22","77","15"
15, 12, 12, "oha-doi-gov","Office of Hearings and Appeals, Department of the Interior","1","1","100","1","100"
15, 12, 12, "onhir-gov","Office of Navajo and Hopi Indian Relocation","4","4","100","4","100"
15, 12, 12, "opm-gov","Office of Personnel Management","2","2","0","497","0"
15, 12, 12, "ostp-eop-gov","Office of Science and Technology Policy, Executive Office of the President","2","2","33","6","33"
15, 12, 12, "opic-gov","Overseas Private Investment Corporation","3","3","100","3","100"
15, 12, 12, "psmfc-org","Pacific States Marine Fisheries Commission","27","73","56","49","55"
15, 12, 12, "sss-gov","Selective Service System","9","9","100","9","100"
15, 12, 12, "state-of-alaska","State of Alaska","5","6","0","369","1"
15, 12, 12, "arkansas-gov","State of Arkansas","68","97","9","359","18"
15, 12, 12, "ca-gov","State of California","244","357","24","722","33"
15, 12, 12, "state-of-connecticut","State of Connecticut","13","39","3","255","5"
15, 12, 12, "state-of-hawaii","State of Hawaii","7","7","0","419","1"
15, 12, 12, "state-of-illinois","State of Illinois","7","7","0","564","1"
15, 12, 12, "state-of-maryland","State of Maryland","6","6","0","297","2"
15, 12, 12, "state-mn-us","State of Minnesota","15","15","6","211","7"
15, 12, 12, "state-of-missouri","State of Missouri","6","18","1","262","2"
15, 12, 12, "state-of-new-york","State of New York","19","56","2","485","3"
15, 12, 12, "nd-gov","State of North Dakota","32","47","4","237","13"
15, 12, 12, "state-of-oregon","State of Oregon","5","5","0","433","1"
15, 12, 12, "state-of-washington","State of Washington","1","1","0","229","0"
15, 12, 12, "un-org","United Nations Cartographic Section","8","8","2","135","5"
15, 12, 12, "university-of-arizona","University of Arizona","3","6","0","591","0"
15, 12, 12, "uidaho-edu","University of Idaho","107","171","15","403","26"
15, 12, 12, "unh-edu","University of New Hampshire","63","171","3","1827","3"
15, 12, 12, "edc-uri-edu","University of Rhode Island Geospatial Extension Program","5","12","13","21","23"
15, 12, 12, "census-gov","US Census Bureau, Department of Commerce","194","235","0","135052","0"
15, 12, 12, "cpsc-gov","US Consumer Product Safety Commission","1","1","14","7","14"
15, 12, 12, "hhs-gov","U.S. Department of Health & Human Services","107","140","2","1834","5"
15, 12, 12, "eeoc-gov","US Equal Employment Opportunity Commission","22","22","24","91","24"
15, 12, 12, "fws-gov","US Fish and Wildlife Service, Department of the Interior","1544","1585","6","24837","6"
15, 12, 12, "fs-fed-us","US Forest Service, Department of Agriculture","1","1","0","757","0"
15, 12, 12, "usgs-gov","U.S. Geological Survey, Department of the Interior","64382","113715","2","1514169","4"
15, 12, 12, "osc-gov","US Office of the Special Counsel","3","3","100","3","100"
15, 12, 12, "vcgi-org","Vermont Center for Geographic Information","171","263","24","231","74"
15, 12, 12, "deq-virginia-gov","Virginia Department of Environmental Quality","1","1","25","2","50"
15, 12, 12, "wake-county","Wake County","1","1","0","130","0"
15, 12, 12, "wustl-edu","Washington University St Louis","59","155","51","60","98"
15, 12, 12, "wwhgd-nga-org","World Wide Human Geography Data Working Group","2","9","37","10","20"
15, 12, 12, "wvu-edu","WV GIS Technical Center","1","2","5","18","5"
15, 12, 13, "azgs-az-gov","Arizona Geological Survey","336","581","17","1588","21"
15, 12, 13, "usace-army-mil","Army Corps of Engineers, Department of the Army, Department of Defense","99","207","39","128","77"
15, 12, 13, "belle-baruch-sc-edu","Baruch Institute for Marine and Coastal Sciences, Univ of South Carolina","10","14","6","26","38"
15, 12, 13, "broadcasting-board-of-governors","Broadcasting Board of Governors","6","6","100","6","100"
15, 12, 13, "bie-doi-gov","Bureau of Indian Education, Department of the Interior","1","1","100","1","100"
15, 12, 13, "blm-gov","Bureau of Land Management, Department of the Interior","5","5","4","95","5"
15, 12, 13, "boem-gov","Bureau of Ocean Energy Management, Department of the Interior","1","1","0","64","1"
15, 12, 13, "resources-ca-gov","California Department of Resources","367","367","62","585","62"
15, 12, 13, "jpl-nasa-gov","California Institute of Technology, Jet Propulsion Laboratory","1","15","83","1","100"
15, 12, 13, "austin-utexas-edu","CCAPS Program, Robert Strauss Center, University of Texas at Austin","1","1","4","9","11"
15, 12, 13, "city-of-baltimore","City of Baltimore","1","1","0","128","0"
15, 12, 13, "city-of-baton-rouge","City of Baton Rouge","3","9","11","20","15"
15, 12, 13, "city-of-charlotte","City of Charlotte","1","1","0","52","1"
15, 12, 13, "city-of-chicago","City of Chicago","12","22","1","428","2"
15, 12, 13, "city-of-los-angeles","City of Los Angeles","9","11","1","220","4"
15, 12, 13, "city-of-new-york","City of New York","29","53","1","1034","2"
15, 12, 13, "city-of-san-francisco","City of San Francisco","5","11","1","343","1"
15, 12, 13, "city-of-seattle","City of Seattle","31","73","7","268","11"
15, 12, 13, "cook-county-of-illinois","Cook County of Illinois","7","10","0","340","2"
15, 12, 13, "cornell-edu","Cornell University ","107","301","13","1772","6"
15, 12, 13, "ceq-eop-gov","Council on Environmental Quality, Executive Office of the President","99","99","98","101","98"
15, 12, 13, "usda-gov","Department of Agriculture","10","10","0","616","1"
15, 12, 13, "doc-gov","Department of Commerce","38","38","8","423","8"
15, 12, 13, "dod-gov","Department of Defense","138","146","37","378","36"
15, 12, 13, "ed-gov","Department of Education","15","37","4","233","6"
15, 12, 13, "doe-gov","Department of Energy","3","4","0","1152","0"
15, 12, 13, "dhs-gov","Department of Homeland Security","12","12","4","251","4"
15, 12, 13, "hud-gov","Department of Housing and Urban Development","13","13","6","174","7"
15, 12, 13, "doj-gov","Department of Justice","1","1","0","954","0"
15, 12, 13, "dol-gov","Department of Labor","30","31","5","374","8"
15, 12, 13, "state-gov","Department of State","3","4","0","108","2"
15, 12, 13, "treasury-gov","Department of the Treasury","8","8","2","237","3"
15, 12, 13, "dot-gov","Department of Transportation","171","176","5","3129","5"
15, 12, 13, "va-gov","Department of Veterans Affairs","2","2","0","1128","0"
15, 12, 13, "edac-unm-edu","Earth Data Analysis Center, University of New Mexico","968","2323","3","5536","17"
15, 12, 13, "eop-gov","Executive Office of the President","2","2","1","44","4"
15, 12, 13, "fcc-gov","Federal Communications Commission","2","2","16","12","16"
15, 12, 13, "fema-gov","Federal Emergency Management Agency, Department of Homeland Security","2414","12810","44","8383","28"
15, 12, 13, "ftc-gov","Federal Trade Commission","6","9","81","6","100"
15, 12, 13, "gsa-gov","General Services Administration","3","3","1","147","2"
15, 12, 13, "glc-org","Great Lakes Commission","60","297","69","86","69"
15, 12, 13, "isu-edu","Idaho State University","56","168","7","2076","2"
15, 12, 13, "imls-gov","Institute of Museum and Library Services","12","16","14","42","28"
15, 12, 13, "iastate-edu","Iowa State University GIS Support and Research Facility","19","20","4","165","11"
15, 12, 13, "kgs-ku-edu","Kansas Data Access and Support Center","31","32","9","165","18"
15, 12, 13, "lagic-lsu-edu","Louisiana Geographic Information Center","22","39","6","274","8"
15, 12, 13, "mspb-gov","Merit Systems Protection Board","3","3","100","3","100"
15, 12, 13, "mcc-gov","Millenium Challenge Corporation","3","6","0","107","2"
15, 12, 13, "montgomery-county-of-maryland","Montgomery County of Maryland","6","15","5","73","8"
15, 12, 13, "nasa-gov","National Aeronautics and Space Administration","806","806","2","31422","2"
15, 12, 13, "nara-gov","National Archives and Records Administration","1","1","1","63","1"
15, 12, 13, "nist-gov","National Institute of Standards and Technology, Department of Commerce","1","2","0","28","3"
15, 12, 13, "nlrb-gov","National Labor Relations Board","1","1","1","56","1"
15, 12, 13, "noaa-gov","National Oceanic and Atmospheric Administration, Department of Commerce","43","43","0","62534","0"
15, 12, 13, "nps-gov","National Park Service, Department of the Interior","1245","3277","12","6784","18"
15, 12, 13, "nsf-gov","National Science Foundation","5","5","3","143","3"
15, 12, 13, "ntsb-gov","National Transportation Safety Board","19","19","86","22","86"
15, 12, 13, "nitrd-gov","Networking and Information Technology Research and Development, Executive Office of the President","4","4","5","58","6"
15, 12, 13, "gis-inventory-ramona-nsgic","NSGIC GIS Inventory (aka Ramona)","3908","4886","18","13976","27"
15, 12, 13, "nrc-gov","Nuclear Regulatory Commission","15","15","24","61","24"
15, 12, 13, "usa-net","Nuna Technologies","1","2","10","8","12"
15, 12, 13, "ornl-gov","Oak Ridge National Laboratory","12","45","22","77","15"
15, 12, 13, "oha-doi-gov","Office of Hearings and Appeals, Department of the Interior","1","1","100","1","100"
15, 12, 13, "onhir-gov","Office of Navajo and Hopi Indian Relocation","4","4","100","4","100"
15, 12, 13, "opm-gov","Office of Personnel Management","2","2","0","497","0"
15, 12, 13, "ostp-eop-gov","Office of Science and Technology Policy, Executive Office of the President","2","2","33","6","33"
15, 12, 13, "opic-gov","Overseas Private Investment Corporation","3","3","100","3","100"
15, 12, 13, "psmfc-org","Pacific States Marine Fisheries Commission","27","73","56","49","55"
15, 12, 13, "sss-gov","Selective Service System","9","9","100","9","100"
15, 12, 13, "state-of-alaska","State of Alaska","5","6","0","369","1"
15, 12, 13, "arkansas-gov","State of Arkansas","68","97","9","359","18"
15, 12, 13, "ca-gov","State of California","244","357","24","722","33"
15, 12, 13, "state-of-connecticut","State of Connecticut","13","39","3","255","5"
15, 12, 13, "state-of-hawaii","State of Hawaii","7","7","0","419","1"
15, 12, 13, "state-of-illinois","State of Illinois","7","7","0","564","1"
15, 12, 13, "state-of-maryland","State of Maryland","6","6","0","297","2"
15, 12, 13, "state-mn-us","State of Minnesota","15","15","6","211","7"
15, 12, 13, "state-of-missouri","State of Missouri","6","18","1","262","2"
15, 12, 13, "state-of-new-york","State of New York","19","56","2","485","3"
15, 12, 13, "nd-gov","State of North Dakota","32","47","4","237","13"
15, 12, 13, "state-of-oregon","State of Oregon","5","5","0","433","1"
15, 12, 13, "state-of-washington","State of Washington","1","1","0","229","0"
15, 12, 13, "un-org","United Nations Cartographic Section","8","8","2","135","5"
15, 12, 13, "university-of-arizona","University of Arizona","3","6","0","591","0"
15, 12, 13, "uidaho-edu","University of Idaho","107","171","15","403","26"
15, 12, 13, "unh-edu","University of New Hampshire","63","171","3","1827","3"
15, 12, 13, "edc-uri-edu","University of Rhode Island Geospatial Extension Program","5","12","13","21","23"
15, 12, 13, "census-gov","US Census Bureau, Department of Commerce","194","235","0","135052","0"
15, 12, 13, "cpsc-gov","US Consumer Product Safety Commission","1","1","14","7","14"
15, 12, 13, "hhs-gov","U.S. Department of Health & Human Services","107","140","2","1834","5"
15, 12, 13, "eeoc-gov","US Equal Employment Opportunity Commission","22","22","24","91","24"
15, 12, 13, "fws-gov","US Fish and Wildlife Service, Department of the Interior","1544","1585","6","24837","6"
15, 12, 13, "fs-fed-us","US Forest Service, Department of Agriculture","1","1","0","757","0"
15, 12, 13, "usgs-gov","U.S. Geological Survey, Department of the Interior","64381","113714","2","1514159","4"
15, 12, 13, "osc-gov","US Office of the Special Counsel","3","3","100","3","100"
15, 12, 13, "vcgi-org","Vermont Center for Geographic Information","171","263","24","231","74"
15, 12, 13, "deq-virginia-gov","Virginia Department of Environmental Quality","1","1","25","2","50"
15, 12, 13, "wake-county","Wake County","1","1","0","130","0"
15, 12, 13, "wustl-edu","Washington University St Louis","59","155","51","60","98"
15, 12, 13, "wwhgd-nga-org","World Wide Human Geography Data Working Group","2","9","37","10","20"
15, 12, 13, "wvu-edu","WV GIS Technical Center","1","2","5","18","5"
15, 12, 14, "azgs-az-gov","Arizona Geological Survey","336","581","17","1588","21"
15, 12, 14, "usace-army-mil","Army Corps of Engineers, Department of the Army, Department of Defense","99","207","39","128","77"
15, 12, 14, "belle-baruch-sc-edu","Baruch Institute for Marine and Coastal Sciences, Univ of South Carolina","10","14","6","26","38"
15, 12, 14, "broadcasting-board-of-governors","Broadcasting Board of Governors","6","6","100","6","100"
15, 12, 14, "bie-doi-gov","Bureau of Indian Education, Department of the Interior","1","1","100","1","100"
15, 12, 14, "blm-gov","Bureau of Land Management, Department of the Interior","5","5","4","95","5"
15, 12, 14, "boem-gov","Bureau of Ocean Energy Management, Department of the Interior","1","1","0","64","1"
15, 12, 14, "resources-ca-gov","California Department of Resources","367","367","62","585","62"
15, 12, 14, "jpl-nasa-gov","California Institute of Technology, Jet Propulsion Laboratory","1","15","83","1","100"
15, 12, 14, "austin-utexas-edu","CCAPS Program, Robert Strauss Center, University of Texas at Austin","1","1","4","9","11"
15, 12, 14, "city-of-baltimore","City of Baltimore","1","1","0","128","0"
15, 12, 14, "city-of-baton-rouge","City of Baton Rouge","3","9","11","20","15"
15, 12, 14, "city-of-charlotte","City of Charlotte","1","1","0","52","1"
15, 12, 14, "city-of-chicago","City of Chicago","12","22","1","428","2"
15, 12, 14, "city-of-los-angeles","City of Los Angeles","9","11","1","220","4"
15, 12, 14, "city-of-new-york","City of New York","29","53","1","1034","2"
15, 12, 14, "city-of-san-francisco","City of San Francisco","5","11","1","343","1"
15, 12, 14, "city-of-seattle","City of Seattle","31","73","7","268","11"
15, 12, 14, "cook-county-of-illinois","Cook County of Illinois","7","10","0","340","2"
15, 12, 14, "cornell-edu","Cornell University ","107","301","13","1772","6"
15, 12, 14, "ceq-eop-gov","Council on Environmental Quality, Executive Office of the President","99","99","98","101","98"
15, 12, 14, "usda-gov","Department of Agriculture","10","10","0","616","1"
15, 12, 14, "doc-gov","Department of Commerce","38","38","8","423","8"
15, 12, 14, "dod-gov","Department of Defense","138","146","37","378","36"
15, 12, 14, "ed-gov","Department of Education","15","37","4","233","6"
15, 12, 14, "doe-gov","Department of Energy","3","4","0","1152","0"
15, 12, 14, "dhs-gov","Department of Homeland Security","12","12","4","251","4"
15, 12, 14, "hud-gov","Department of Housing and Urban Development","13","13","6","174","7"
15, 12, 14, "doj-gov","Department of Justice","1","1","0","954","0"
15, 12, 14, "dol-gov","Department of Labor","30","31","5","374","8"
15, 12, 14, "state-gov","Department of State","3","4","0","108","2"
15, 12, 14, "treasury-gov","Department of the Treasury","8","8","2","237","3"
15, 12, 14, "dot-gov","Department of Transportation","171","176","5","3129","5"
15, 12, 14, "va-gov","Department of Veterans Affairs","2","2","0","1128","0"
15, 12, 14, "edac-unm-edu","Earth Data Analysis Center, University of New Mexico","968","2323","3","5536","17"
15, 12, 14, "eop-gov","Executive Office of the President","2","2","1","44","4"
15, 12, 14, "fcc-gov","Federal Communications Commission","2","2","16","12","16"
15, 12, 14, "fema-gov","Federal Emergency Management Agency, Department of Homeland Security","2414","12810","44","8383","28"
15, 12, 14, "ftc-gov","Federal Trade Commission","6","9","81","6","100"
15, 12, 14, "gsa-gov","General Services Administration","3","3","1","147","2"
15, 12, 14, "glc-org","Great Lakes Commission","60","297","69","86","69"
15, 12, 14, "isu-edu","Idaho State University","56","168","7","2076","2"
15, 12, 14, "imls-gov","Institute of Museum and Library Services","12","16","14","42","28"
15, 12, 14, "iastate-edu","Iowa State University GIS Support and Research Facility","19","20","4","165","11"
15, 12, 14, "kgs-ku-edu","Kansas Data Access and Support Center","31","32","9","165","18"
15, 12, 14, "lagic-lsu-edu","Louisiana Geographic Information Center","22","39","6","274","8"
15, 12, 14, "mspb-gov","Merit Systems Protection Board","3","3","100","3","100"
15, 12, 14, "mcc-gov","Millenium Challenge Corporation","3","6","0","107","2"
15, 12, 14, "montgomery-county-of-maryland","Montgomery County of Maryland","6","15","5","73","8"
15, 12, 14, "nasa-gov","National Aeronautics and Space Administration","806","806","2","31422","2"
15, 12, 14, "nara-gov","National Archives and Records Administration","1","1","1","63","1"
15, 12, 14, "nist-gov","National Institute of Standards and Technology, Department of Commerce","1","2","0","28","3"
15, 12, 14, "nlrb-gov","National Labor Relations Board","1","1","1","56","1"
15, 12, 14, "noaa-gov","National Oceanic and Atmospheric Administration, Department of Commerce","43","43","0","62534","0"
15, 12, 14, "nps-gov","National Park Service, Department of the Interior","1245","3277","12","6784","18"
15, 12, 14, "nsf-gov","National Science Foundation","5","5","3","143","3"
15, 12, 14, "ntsb-gov","National Transportation Safety Board","19","19","86","22","86"
15, 12, 14, "nitrd-gov","Networking and Information Technology Research and Development, Executive Office of the President","4","4","5","58","6"
15, 12, 14, "gis-inventory-ramona-nsgic","NSGIC GIS Inventory (aka Ramona)","3908","4886","18","13976","27"
15, 12, 14, "nrc-gov","Nuclear Regulatory Commission","15","15","24","61","24"
15, 12, 14, "usa-net","Nuna Technologies","1","2","10","8","12"
15, 12, 14, "ornl-gov","Oak Ridge National Laboratory","12","45","22","77","15"
15, 12, 14, "oha-doi-gov","Office of Hearings and Appeals, Department of the Interior","1","1","100","1","100"
15, 12, 14, "onhir-gov","Office of Navajo and Hopi Indian Relocation","4","4","100","4","100"
15, 12, 14, "opm-gov","Office of Personnel Management","2","2","0","497","0"
15, 12, 14, "ostp-eop-gov","Office of Science and Technology Policy, Executive Office of the President","2","2","33","6","33"
15, 12, 14, "opic-gov","Overseas Private Investment Corporation","3","3","100","3","100"
15, 12, 14, "psmfc-org","Pacific States Marine Fisheries Commission","27","73","56","49","55"
15, 12, 14, "sss-gov","Selective Service System","9","9","100","9","100"
15, 12, 14, "state-of-alaska","State of Alaska","5","6","0","369","1"
15, 12, 14, "arkansas-gov","State of Arkansas","68","97","9","359","18"
15, 12, 14, "ca-gov","State of California","244","357","24","722","33"
15, 12, 14, "state-of-connecticut","State of Connecticut","13","39","3","255","5"
15, 12, 14, "state-of-hawaii","State of Hawaii","7","7","0","419","1"
15, 12, 14, "state-of-illinois","State of Illinois","7","7","0","564","1"
15, 12, 14, "state-of-maryland","State of Maryland","6","6","0","297","2"
15, 12, 14, "state-mn-us","State of Minnesota","15","15","6","211","7"
15, 12, 14, "state-of-missouri","State of Missouri","6","18","1","262","2"
15, 12, 14, "state-of-new-york","State of New York","19","56","2","485","3"
15, 12, 14, "nd-gov","State of North Dakota","32","47","4","237","13"
15, 12, 14, "state-of-oregon","State of Oregon","5","5","0","433","1"
15, 12, 14, "state-of-washington","State of Washington","1","1","0","229","0"
15, 12, 14, "un-org","United Nations Cartographic Section","8","8","2","135","5"
15, 12, 14, "university-of-arizona","University of Arizona","3","6","0","591","0"
15, 12, 14, "uidaho-edu","University of Idaho","107","171","15","403","26"
15, 12, 14, "unh-edu","University of New Hampshire","63","171","3","1827","3"
15, 12, 14, "edc-uri-edu","University of Rhode Island Geospatial Extension Program","5","12","13","21","23"
15, 12, 14, "census-gov","US Census Bureau, Department of Commerce","194","235","0","135052","0"
15, 12, 14, "cpsc-gov","US Consumer Product Safety Commission","1","1","14","7","14"
15, 12, 14, "hhs-gov","U.S. Department of Health & Human Services","107","140","2","1834","5"
15, 12, 14, "eeoc-gov","US Equal Employment Opportunity Commission","22","22","24","91","24"
15, 12, 14, "fws-gov","US Fish and Wildlife Service, Department of the Interior","1544","1585","6","24837","6"
15, 12, 14, "fs-fed-us","US Forest Service, Department of Agriculture","1","1","0","757","0"
15, 12, 14, "usgs-gov","U.S. Geological Survey, Department of the Interior","64382","113715","2","1514169","4"
15, 12, 14, "osc-gov","US Office of the Special Counsel","3","3","100","3","100"
15, 12, 14, "vcgi-org","Vermont Center for Geographic Information","171","263","24","231","74"
15, 12, 14, "deq-virginia-gov","Virginia Department of Environmental Quality","1","1","25","2","50"
15, 12, 14, "wake-county","Wake County","1","1","0","130","0"
15, 12, 14, "wustl-edu","Washington University St Louis","59","155","51","60","98"
15, 12, 14, "wwhgd-nga-org","World Wide Human Geography Data Working Group","2","9","37","10","20"
15, 12, 14, "wvu-edu","WV GIS Technical Center","1","2","5","18","5"
15, 12, 15, "azgs-az-gov","Arizona Geological Survey","336","581","17","1588","21"
15, 12, 15, "usace-army-mil","Army Corps of Engineers, Department of the Army, Department of Defense","99","207","39","128","77"
15, 12, 15, "belle-baruch-sc-edu","Baruch Institute for Marine and Coastal Sciences, Univ of South Carolina","10","14","6","26","38"
15, 12, 15, "broadcasting-board-of-governors","Broadcasting Board of Governors","6","6","100","6","100"
15, 12, 15, "bie-doi-gov","Bureau of Indian Education, Department of the Interior","1","1","100","1","100"
15, 12, 15, "blm-gov","Bureau of Land Management, Department of the Interior","5","5","4","95","5"
15, 12, 15, "boem-gov","Bureau of Ocean Energy Management, Department of the Interior","1","1","0","64","1"
15, 12, 15, "resources-ca-gov","California Department of Resources","367","367","62","585","62"
15, 12, 15, "jpl-nasa-gov","California Institute of Technology, Jet Propulsion Laboratory","1","15","83","1","100"
15, 12, 15, "austin-utexas-edu","CCAPS Program, Robert Strauss Center, University of Texas at Austin","1","1","4","9","11"
15, 12, 15, "city-of-baltimore","City of Baltimore","1","1","0","128","0"
15, 12, 15, "city-of-baton-rouge","City of Baton Rouge","3","9","11","20","15"
15, 12, 15, "city-of-charlotte","City of Charlotte","1","1","0","52","1"
15, 12, 15, "city-of-chicago","City of Chicago","12","22","1","428","2"
15, 12, 15, "city-of-los-angeles","City of Los Angeles","9","11","1","220","4"
15, 12, 15, "city-of-new-york","City of New York","29","53","1","1034","2"
15, 12, 15, "city-of-san-francisco","City of San Francisco","5","11","1","343","1"
15, 12, 15, "city-of-seattle","City of Seattle","31","73","7","268","11"
15, 12, 15, "cook-county-of-illinois","Cook County of Illinois","7","10","0","340","2"
15, 12, 15, "cornell-edu","Cornell University ","107","301","13","1772","6"
15, 12, 15, "ceq-eop-gov","Council on Environmental Quality, Executive Office of the President","99","99","98","101","98"
15, 12, 15, "usda-gov","Department of Agriculture","10","10","0","616","1"
15, 12, 15, "doc-gov","Department of Commerce","38","38","8","423","8"
15, 12, 15, "dod-gov","Department of Defense","138","146","37","378","36"
15, 12, 15, "ed-gov","Department of Education","15","37","4","233","6"
15, 12, 15, "doe-gov","Department of Energy","3","4","0","1152","0"
15, 12, 15, "dhs-gov","Department of Homeland Security","12","12","4","251","4"
15, 12, 15, "hud-gov","Department of Housing and Urban Development","13","13","6","174","7"
15, 12, 15, "doj-gov","Department of Justice","1","1","0","954","0"
15, 12, 15, "dol-gov","Department of Labor","30","31","5","374","8"
15, 12, 15, "state-gov","Department of State","3","4","0","109","2"
15, 12, 15, "treasury-gov","Department of the Treasury","8","8","2","237","3"
15, 12, 15, "dot-gov","Department of Transportation","171","176","5","3129","5"
15, 12, 15, "va-gov","Department of Veterans Affairs","2","2","0","1128","0"
15, 12, 15, "edac-unm-edu","Earth Data Analysis Center, University of New Mexico","968","2323","3","5536","17"
15, 12, 15, "eop-gov","Executive Office of the President","2","2","1","44","4"
15, 12, 15, "fcc-gov","Federal Communications Commission","2","2","16","12","16"
15, 12, 15, "fema-gov","Federal Emergency Management Agency, Department of Homeland Security","2413","12805","44","8371","28"
15, 12, 15, "ftc-gov","Federal Trade Commission","6","9","81","6","100"
15, 12, 15, "gsa-gov","General Services Administration","3","3","1","147","2"
15, 12, 15, "glc-org","Great Lakes Commission","60","297","69","86","69"
15, 12, 15, "isu-edu","Idaho State University","56","168","7","2076","2"
15, 12, 15, "imls-gov","Institute of Museum and Library Services","12","16","14","42","28"
15, 12, 15, "iastate-edu","Iowa State University GIS Support and Research Facility","19","20","4","165","11"
15, 12, 15, "kgs-ku-edu","Kansas Data Access and Support Center","31","32","9","165","18"
15, 12, 15, "lagic-lsu-edu","Louisiana Geographic Information Center","22","39","6","274","8"
15, 12, 15, "mspb-gov","Merit Systems Protection Board","3","3","100","3","100"
15, 12, 15, "mcc-gov","Millenium Challenge Corporation","3","6","0","107","2"
15, 12, 15, "montgomery-county-of-maryland","Montgomery County of Maryland","6","15","5","73","8"
15, 12, 15, "nasa-gov","National Aeronautics and Space Administration","806","806","2","31422","2"
15, 12, 15, "nara-gov","National Archives and Records Administration","1","1","1","63","1"
15, 12, 15, "nist-gov","National Institute of Standards and Technology, Department of Commerce","1","2","0","28","3"
15, 12, 15, "nlrb-gov","National Labor Relations Board","1","1","1","56","1"
15, 12, 15, "noaa-gov","National Oceanic and Atmospheric Administration, Department of Commerce","43","43","0","62534","0"
15, 12, 15, "nps-gov","National Park Service, Department of the Interior","1245","3277","12","6784","18"
15, 12, 15, "nsf-gov","National Science Foundation","5","5","3","143","3"
15, 12, 15, "ntsb-gov","National Transportation Safety Board","19","19","86","22","86"
15, 12, 15, "nitrd-gov","Networking and Information Technology Research and Development, Executive Office of the President","4","4","5","58","6"
15, 12, 15, "gis-inventory-ramona-nsgic","NSGIC GIS Inventory (aka Ramona)","3908","4886","18","13976","27"
15, 12, 15, "nrc-gov","Nuclear Regulatory Commission","15","15","24","61","24"
15, 12, 15, "usa-net","Nuna Technologies","1","2","10","8","12"
15, 12, 15, "ornl-gov","Oak Ridge National Laboratory","12","45","22","77","15"
15, 12, 15, "oha-doi-gov","Office of Hearings and Appeals, Department of the Interior","1","1","100","1","100"
15, 12, 15, "onhir-gov","Office of Navajo and Hopi Indian Relocation","4","4","100","4","100"
15, 12, 15, "opm-gov","Office of Personnel Management","2","2","0","497","0"
15, 12, 15, "ostp-eop-gov","Office of Science and Technology Policy, Executive Office of the President","2","2","33","6","33"
15, 12, 15, "opic-gov","Overseas Private Investment Corporation","3","3","100","3","100"
15, 12, 15, "psmfc-org","Pacific States Marine Fisheries Commission","27","73","56","49","55"
15, 12, 15, "sss-gov","Selective Service System","9","9","100","9","100"
15, 12, 15, "state-of-alaska","State of Alaska","5","6","0","369","1"
15, 12, 15, "arkansas-gov","State of Arkansas","68","97","9","359","18"
15, 12, 15, "ca-gov","State of California","244","357","24","722","33"
15, 12, 15, "state-of-connecticut","State of Connecticut","13","39","3","255","5"
15, 12, 15, "state-of-hawaii","State of Hawaii","7","7","0","419","1"
15, 12, 15, "state-of-illinois","State of Illinois","7","7","0","564","1"
15, 12, 15, "state-of-maryland","State of Maryland","6","6","0","297","2"
15, 12, 15, "state-mn-us","State of Minnesota","15","15","6","211","7"
15, 12, 15, "state-of-missouri","State of Missouri","6","18","1","262","2"
15, 12, 15, "state-of-new-york","State of New York","19","56","2","485","3"
15, 12, 15, "nd-gov","State of North Dakota","32","47","4","237","13"
15, 12, 15, "state-of-oregon","State of Oregon","5","5","0","433","1"
15, 12, 15, "state-of-washington","State of Washington","1","1","0","229","0"
15, 12, 15, "un-org","United Nations Cartographic Section","8","8","2","135","5"
15, 12, 15, "university-of-arizona","University of Arizona","3","6","0","591","0"
15, 12, 15, "uidaho-edu","University of Idaho","107","171","15","403","26"
15, 12, 15, "unh-edu","University of New Hampshire","63","171","3","1827","3"
15, 12, 15, "edc-uri-edu","University of Rhode Island Geospatial Extension Program","5","12","13","21","23"
15, 12, 15, "census-gov","US Census Bureau, Department of Commerce","194","235","0","135052","0"
15, 12, 15, "cpsc-gov","US Consumer Product Safety Commission","1","1","14","7","14"
15, 12, 15, "hhs-gov","U.S. Department of Health & Human Services","107","140","2","1834","5"
15, 12, 15, "eeoc-gov","US Equal Employment Opportunity Commission","22","22","24","91","24"
15, 12, 15, "fws-gov","US Fish and Wildlife Service, Department of the Interior","1544","1585","6","24837","6"
15, 12, 15, "fs-fed-us","US Forest Service, Department of Agriculture","1","1","0","757","0"
15, 12, 15, "usgs-gov","U.S. Geological Survey, Department of the Interior","64420","113788","2","1514159","4"
15, 12, 15, "osc-gov","US Office of the Special Counsel","3","3","100","3","100"
15, 12, 15, "vcgi-org","Vermont Center for Geographic Information","171","263","24","231","74"
15, 12, 15, "deq-virginia-gov","Virginia Department of Environmental Quality","1","1","25","2","50"
15, 12, 15, "wake-county","Wake County","1","1","0","130","0"
15, 12, 15, "wustl-edu","Washington University St Louis","59","155","51","60","98"
15, 12, 15, "wwhgd-nga-org","World Wide Human Geography Data Working Group","2","9","37","10","20"
15, 12, 15, "wvu-edu","WV GIS Technical Center","1","2","5","18","5"
15, 12, 16, "azgs-az-gov","Arizona Geological Survey","336","581","17","1588","21"
15, 12, 16, "usace-army-mil","Army Corps of Engineers, Department of the Army, Department of Defense","99","207","39","128","77"
15, 12, 16, "belle-baruch-sc-edu","Baruch Institute for Marine and Coastal Sciences, Univ of South Carolina","10","14","6","26","38"
15, 12, 16, "broadcasting-board-of-governors","Broadcasting Board of Governors","6","6","100","6","100"
15, 12, 16, "bie-doi-gov","Bureau of Indian Education, Department of the Interior","1","1","100","1","100"
15, 12, 16, "blm-gov","Bureau of Land Management, Department of the Interior","5","5","4","95","5"
15, 12, 16, "boem-gov","Bureau of Ocean Energy Management, Department of the Interior","1","1","0","61","1"
15, 12, 16, "resources-ca-gov","California Department of Resources","367","367","62","585","62"
15, 12, 16, "jpl-nasa-gov","California Institute of Technology, Jet Propulsion Laboratory","1","15","83","1","100"
15, 12, 16, "austin-utexas-edu","CCAPS Program, Robert Strauss Center, University of Texas at Austin","1","1","4","9","11"
15, 12, 16, "city-of-baltimore","City of Baltimore","1","1","0","128","0"
15, 12, 16, "city-of-baton-rouge","City of Baton Rouge","3","9","11","20","15"
15, 12, 16, "city-of-charlotte","City of Charlotte","1","1","0","52","1"
15, 12, 16, "city-of-chicago","City of Chicago","12","22","1","428","2"
15, 12, 16, "city-of-los-angeles","City of Los Angeles","9","11","1","220","4"
15, 12, 16, "city-of-new-york","City of New York","29","53","1","1034","2"
15, 12, 16, "city-of-san-francisco","City of San Francisco","5","11","1","343","1"
15, 12, 16, "city-of-seattle","City of Seattle","31","73","7","268","11"
15, 12, 16, "cook-county-of-illinois","Cook County of Illinois","7","10","0","340","2"
15, 12, 16, "cornell-edu","Cornell University ","107","301","13","1772","6"
15, 12, 16, "ceq-eop-gov","Council on Environmental Quality, Executive Office of the President","99","99","98","101","98"
15, 12, 16, "usda-gov","Department of Agriculture","10","10","0","616","1"
15, 12, 16, "doc-gov","Department of Commerce","38","38","8","423","8"
15, 12, 16, "dod-gov","Department of Defense","138","146","37","378","36"
15, 12, 16, "ed-gov","Department of Education","15","37","4","233","6"
15, 12, 16, "doe-gov","Department of Energy","3","4","0","1152","0"
15, 12, 16, "dhs-gov","Department of Homeland Security","12","12","4","251","4"
15, 12, 16, "hud-gov","Department of Housing and Urban Development","13","13","6","174","7"
15, 12, 16, "doj-gov","Department of Justice","1","1","0","954","0"
15, 12, 16, "dol-gov","Department of Labor","30","31","5","374","8"
15, 12, 16, "state-gov","Department of State","3","4","0","109","2"
15, 12, 16, "treasury-gov","Department of the Treasury","8","8","2","237","3"
15, 12, 16, "dot-gov","Department of Transportation","171","176","5","3129","5"
15, 12, 16, "va-gov","Department of Veterans Affairs","2","2","0","1128","0"
15, 12, 16, "edac-unm-edu","Earth Data Analysis Center, University of New Mexico","968","2323","3","5536","17"
15, 12, 16, "eop-gov","Executive Office of the President","2","2","1","44","4"
15, 12, 16, "fcc-gov","Federal Communications Commission","2","2","16","12","16"
15, 12, 16, "fema-gov","Federal Emergency Management Agency, Department of Homeland Security","2413","12805","44","8371","28"
15, 12, 16, "ftc-gov","Federal Trade Commission","6","9","81","6","100"
15, 12, 16, "gsa-gov","General Services Administration","3","3","1","147","2"
15, 12, 16, "glc-org","Great Lakes Commission","60","297","69","86","69"
15, 12, 16, "isu-edu","Idaho State University","56","168","7","2076","2"
15, 12, 16, "imls-gov","Institute of Museum and Library Services","12","16","14","42","28"
15, 12, 16, "iastate-edu","Iowa State University GIS Support and Research Facility","19","20","4","165","11"
15, 12, 16, "kgs-ku-edu","Kansas Data Access and Support Center","31","32","9","165","18"
15, 12, 16, "lagic-lsu-edu","Louisiana Geographic Information Center","22","39","6","274","8"
15, 12, 16, "mspb-gov","Merit Systems Protection Board","3","3","100","3","100"
15, 12, 16, "mcc-gov","Millenium Challenge Corporation","3","6","0","107","2"
15, 12, 16, "montgomery-county-of-maryland","Montgomery County of Maryland","6","15","5","73","8"
15, 12, 16, "nasa-gov","National Aeronautics and Space Administration","806","806","2","31422","2"
15, 12, 16, "nara-gov","National Archives and Records Administration","1","1","1","63","1"
15, 12, 16, "nist-gov","National Institute of Standards and Technology, Department of Commerce","1","2","0","31","3"
15, 12, 16, "nlrb-gov","National Labor Relations Board","1","1","1","56","1"
15, 12, 16, "noaa-gov","National Oceanic and Atmospheric Administration, Department of Commerce","43","43","0","62534","0"
15, 12, 16, "nps-gov","National Park Service, Department of the Interior","1245","3277","12","6784","18"
15, 12, 16, "nsf-gov","National Science Foundation","5","5","3","143","3"
15, 12, 16, "nitrd-gov","Networking and Information Technology Research and Development, Executive Office of the President","4","4","5","58","6"
15, 12, 16, "gis-inventory-ramona-nsgic","NSGIC GIS Inventory (aka Ramona)","3908","4886","18","13976","27"
15, 12, 16, "nrc-gov","Nuclear Regulatory Commission","15","15","24","61","24"
15, 12, 16, "usa-net","Nuna Technologies","1","2","10","8","12"
15, 12, 16, "ornl-gov","Oak Ridge National Laboratory","12","45","22","77","15"
15, 12, 16, "oha-doi-gov","Office of Hearings and Appeals, Department of the Interior","1","1","100","1","100"
15, 12, 16, "onhir-gov","Office of Navajo and Hopi Indian Relocation","4","4","100","4","100"
15, 12, 16, "opm-gov","Office of Personnel Management","2","2","0","497","0"
15, 12, 16, "ostp-eop-gov","Office of Science and Technology Policy, Executive Office of the President","2","2","33","6","33"
15, 12, 16, "opic-gov","Overseas Private Investment Corporation","3","3","100","3","100"
15, 12, 16, "psmfc-org","Pacific States Marine Fisheries Commission","27","73","56","49","55"
15, 12, 16, "sss-gov","Selective Service System","9","9","100","9","100"
15, 12, 16, "state-of-alaska","State of Alaska","5","6","0","369","1"
15, 12, 16, "arkansas-gov","State of Arkansas","68","97","9","359","18"
15, 12, 16, "ca-gov","State of California","244","357","24","722","33"
15, 12, 16, "state-of-connecticut","State of Connecticut","13","39","3","255","5"
15, 12, 16, "state-of-hawaii","State of Hawaii","7","7","0","419","1"
15, 12, 16, "state-of-illinois","State of Illinois","7","7","0","564","1"
15, 12, 16, "state-of-maryland","State of Maryland","6","6","0","297","2"
15, 12, 16, "state-mn-us","State of Minnesota","15","15","6","211","7"
15, 12, 16, "state-of-missouri","State of Missouri","6","18","1","262","2"
15, 12, 16, "state-of-new-york","State of New York","19","56","2","485","3"
15, 12, 16, "nd-gov","State of North Dakota","32","47","4","237","13"
15, 12, 16, "state-of-oregon","State of Oregon","5","5","0","435","1"
15, 12, 16, "state-of-washington","State of Washington","1","1","0","229","0"
15, 12, 16, "un-org","United Nations Cartographic Section","8","8","2","135","5"
15, 12, 16, "university-of-arizona","University of Arizona","3","6","0","591","0"
15, 12, 16, "uidaho-edu","University of Idaho","107","171","15","403","26"
15, 12, 16, "unh-edu","University of New Hampshire","63","171","3","1827","3"
15, 12, 16, "edc-uri-edu","University of Rhode Island Geospatial Extension Program","5","12","13","21","23"
15, 12, 16, "census-gov","US Census Bureau, Department of Commerce","194","235","0","135046","0"
15, 12, 16, "cpsc-gov","US Consumer Product Safety Commission","1","1","14","7","14"
15, 12, 16, "hhs-gov","U.S. Department of Health & Human Services","107","140","2","1834","5"
15, 12, 16, "eeoc-gov","US Equal Employment Opportunity Commission","22","22","24","91","24"
15, 12, 16, "fws-gov","US Fish and Wildlife Service, Department of the Interior","1544","1585","6","24841","6"
15, 12, 16, "fs-fed-us","US Forest Service, Department of Agriculture","1","1","0","759","0"
15, 12, 16, "usgs-gov","U.S. Geological Survey, Department of the Interior","64444","113811","2","1514191","4"
15, 12, 16, "osc-gov","US Office of the Special Counsel","3","3","100","3","100"
15, 12, 16, "vcgi-org","Vermont Center for Geographic Information","171","263","24","231","74"
15, 12, 16, "deq-virginia-gov","Virginia Department of Environmental Quality","1","1","25","2","50"
15, 12, 16, "wake-county","Wake County","1","1","0","130","0"
15, 12, 16, "wustl-edu","Washington University St Louis","59","155","51","60","98"
15, 12, 16, "wwhgd-nga-org","World Wide Human Geography Data Working Group","2","9","37","10","20"
15, 12, 16, "wvu-edu","WV GIS Technical Center","1","2","5","18","5"
15, 12, 17, "azgs-az-gov","Arizona Geological Survey","336","581","17","1588","21"
15, 12, 17, "usace-army-mil","Army Corps of Engineers, Department of the Army, Department of Defense","99","207","39","128","77"
15, 12, 17, "belle-baruch-sc-edu","Baruch Institute for Marine and Coastal Sciences, Univ of South Carolina","10","14","6","26","38"
15, 12, 17, "broadcasting-board-of-governors","Broadcasting Board of Governors","6","6","100","6","100"
15, 12, 17, "bie-doi-gov","Bureau of Indian Education, Department of the Interior","1","1","100","1","100"
15, 12, 17, "blm-gov","Bureau of Land Management, Department of the Interior","5","5","4","95","5"
15, 12, 17, "boem-gov","Bureau of Ocean Energy Management, Department of the Interior","1","1","0","61","1"
15, 12, 17, "resources-ca-gov","California Department of Resources","367","367","62","585","62"
15, 12, 17, "jpl-nasa-gov","California Institute of Technology, Jet Propulsion Laboratory","1","15","83","1","100"
15, 12, 17, "austin-utexas-edu","CCAPS Program, Robert Strauss Center, University of Texas at Austin","1","1","4","9","11"
15, 12, 17, "city-of-baltimore","City of Baltimore","1","1","0","129","0"
15, 12, 17, "city-of-baton-rouge","City of Baton Rouge","3","9","11","20","15"
15, 12, 17, "city-of-charlotte","City of Charlotte","1","1","0","52","1"
15, 12, 17, "city-of-chicago","City of Chicago","12","22","1","429","2"
15, 12, 17, "city-of-los-angeles","City of Los Angeles","7","9","1","214","3"
15, 12, 17, "city-of-new-york","City of New York","29","53","1","1035","2"
15, 12, 17, "city-of-san-francisco","City of San Francisco","5","11","1","342","1"
15, 12, 17, "city-of-seattle","City of Seattle","31","73","7","268","11"
15, 12, 17, "cook-county-of-illinois","Cook County of Illinois","7","10","0","367","1"
15, 12, 17, "cornell-edu","Cornell University ","107","301","13","1772","6"
15, 12, 17, "ceq-eop-gov","Council on Environmental Quality, Executive Office of the President","99","99","98","101","98"
15, 12, 17, "usda-gov","Department of Agriculture","10","10","0","616","1"
15, 12, 17, "doc-gov","Department of Commerce","38","38","8","423","8"
15, 12, 17, "dod-gov","Department of Defense","138","146","37","378","36"
15, 12, 17, "ed-gov","Department of Education","15","37","4","233","6"
15, 12, 17, "doe-gov","Department of Energy","3","4","0","1152","0"
15, 12, 17, "dhs-gov","Department of Homeland Security","12","12","4","251","4"
15, 12, 17, "hud-gov","Department of Housing and Urban Development","13","13","6","174","7"
15, 12, 17, "doj-gov","Department of Justice","1","1","0","954","0"
15, 12, 17, "dol-gov","Department of Labor","30","31","5","374","8"
15, 12, 17, "state-gov","Department of State","3","4","0","109","2"
15, 12, 17, "treasury-gov","Department of the Treasury","8","8","2","237","3"
15, 12, 17, "dot-gov","Department of Transportation","171","176","5","3129","5"
15, 12, 17, "va-gov","Department of Veterans Affairs","2","2","0","1128","0"
15, 12, 17, "edac-unm-edu","Earth Data Analysis Center, University of New Mexico","968","2323","3","5536","17"
15, 12, 17, "eop-gov","Executive Office of the President","2","2","1","44","4"
15, 12, 17, "fcc-gov","Federal Communications Commission","2","2","16","12","16"
15, 12, 17, "fema-gov","Federal Emergency Management Agency, Department of Homeland Security","2413","12805","44","8371","28"
15, 12, 17, "ftc-gov","Federal Trade Commission","6","9","81","6","100"
15, 12, 17, "gsa-gov","General Services Administration","3","3","1","147","2"
15, 12, 17, "glc-org","Great Lakes Commission","60","297","69","86","69"
15, 12, 17, "isu-edu","Idaho State University","56","168","7","2076","2"
15, 12, 17, "imls-gov","Institute of Museum and Library Services","12","16","14","42","28"
15, 12, 17, "iastate-edu","Iowa State University GIS Support and Research Facility","19","20","4","165","11"
15, 12, 17, "kgs-ku-edu","Kansas Data Access and Support Center","31","32","9","165","18"
15, 12, 17, "lagic-lsu-edu","Louisiana Geographic Information Center","22","39","6","274","8"
15, 12, 17, "mspb-gov","Merit Systems Protection Board","3","3","100","3","100"
15, 12, 17, "mcc-gov","Millenium Challenge Corporation","3","6","0","107","2"
15, 12, 17, "montgomery-county-of-maryland","Montgomery County of Maryland","6","15","5","73","8"
15, 12, 17, "nasa-gov","National Aeronautics and Space Administration","806","806","2","31422","2"
15, 12, 17, "nara-gov","National Archives and Records Administration","1","1","1","63","1"
15, 12, 17, "nist-gov","National Institute of Standards and Technology, Department of Commerce","1","2","0","31","3"
15, 12, 17, "nlrb-gov","National Labor Relations Board","1","1","1","56","1"
15, 12, 17, "noaa-gov","National Oceanic and Atmospheric Administration, Department of Commerce","43","43","0","62534","0"
15, 12, 17, "nps-gov","National Park Service, Department of the Interior","1245","3277","12","6784","18"
15, 12, 17, "nsf-gov","National Science Foundation","5","5","3","143","3"
15, 12, 17, "nitrd-gov","Networking and Information Technology Research and Development, Executive Office of the President","4","4","5","58","6"
15, 12, 17, "gis-inventory-ramona-nsgic","NSGIC GIS Inventory (aka Ramona)","3908","4886","18","13975","27"
15, 12, 17, "nrc-gov","Nuclear Regulatory Commission","15","15","24","61","24"
15, 12, 17, "usa-net","Nuna Technologies","1","2","10","8","12"
15, 12, 17, "ornl-gov","Oak Ridge National Laboratory","12","45","22","77","15"
15, 12, 17, "oha-doi-gov","Office of Hearings and Appeals, Department of the Interior","1","1","100","1","100"
15, 12, 17, "onhir-gov","Office of Navajo and Hopi Indian Relocation","4","4","100","4","100"
15, 12, 17, "opm-gov","Office of Personnel Management","2","2","0","497","0"
15, 12, 17, "ostp-eop-gov","Office of Science and Technology Policy, Executive Office of the President","2","2","33","6","33"
15, 12, 17, "opic-gov","Overseas Private Investment Corporation","3","3","100","3","100"
15, 12, 17, "psmfc-org","Pacific States Marine Fisheries Commission","27","73","56","49","55"
15, 12, 17, "sss-gov","Selective Service System","9","9","100","9","100"
15, 12, 17, "state-of-alaska","State of Alaska","5","6","0","369","1"
15, 12, 17, "arkansas-gov","State of Arkansas","68","97","9","359","18"
15, 12, 17, "ca-gov","State of California","244","357","24","722","33"
15, 12, 17, "state-of-connecticut","State of Connecticut","13","39","3","255","5"
15, 12, 17, "state-of-hawaii","State of Hawaii","7","7","0","419","1"
15, 12, 17, "state-of-illinois","State of Illinois","7","7","0","564","1"
15, 12, 17, "state-of-maryland","State of Maryland","6","6","0","297","2"
15, 12, 17, "state-mn-us","State of Minnesota","15","15","6","211","7"
15, 12, 17, "state-of-missouri","State of Missouri","6","18","1","262","2"
15, 12, 17, "state-of-new-york","State of New York","19","56","2","485","3"
15, 12, 17, "nd-gov","State of North Dakota","32","47","4","237","13"
15, 12, 17, "state-of-oregon","State of Oregon","5","5","0","435","1"
15, 12, 17, "state-of-washington","State of Washington","1","1","0","228","0"
15, 12, 17, "un-org","United Nations Cartographic Section","8","8","2","135","5"
15, 12, 17, "university-of-arizona","University of Arizona","3","6","0","591","0"
15, 12, 17, "uidaho-edu","University of Idaho","107","171","15","403","26"
15, 12, 17, "unh-edu","University of New Hampshire","63","171","3","1827","3"
15, 12, 17, "edc-uri-edu","University of Rhode Island Geospatial Extension Program","5","12","13","21","23"
15, 12, 17, "census-gov","US Census Bureau, Department of Commerce","194","235","0","135046","0"
15, 12, 17, "cpsc-gov","US Consumer Product Safety Commission","1","1","14","7","14"
15, 12, 17, "hhs-gov","U.S. Department of Health & Human Services","107","140","3","1727","6"
15, 12, 17, "eeoc-gov","US Equal Employment Opportunity Commission","22","22","24","91","24"
15, 12, 17, "fws-gov","US Fish and Wildlife Service, Department of the Interior","1544","1585","6","24844","6"
15, 12, 17, "fs-fed-us","US Forest Service, Department of Agriculture","1","1","0","759","0"
15, 12, 17, "usgs-gov","U.S. Geological Survey, Department of the Interior","64432","113799","2","1514193","4"
15, 12, 17, "osc-gov","US Office of the Special Counsel","3","3","100","3","100"
15, 12, 17, "vcgi-org","Vermont Center for Geographic Information","171","263","24","231","74"
15, 12, 17, "deq-virginia-gov","Virginia Department of Environmental Quality","1","1","25","2","50"
15, 12, 17, "wake-county","Wake County","1","1","0","130","0"
15, 12, 17, "wustl-edu","Washington University St Louis","59","155","51","60","98"
15, 12, 17, "wwhgd-nga-org","World Wide Human Geography Data Working Group","2","9","37","10","20"
15, 12, 17, "wvu-edu","WV GIS Technical Center","1","2","5","18","5"
15, 12, 18, "azgs-az-gov","Arizona Geological Survey","336","581","17","1588","21"
15, 12, 18, "usace-army-mil","Army Corps of Engineers, Department of the Army, Department of Defense","99","207","39","128","77"
15, 12, 18, "belle-baruch-sc-edu","Baruch Institute for Marine and Coastal Sciences, Univ of South Carolina","10","14","6","26","38"
15, 12, 18, "broadcasting-board-of-governors","Broadcasting Board of Governors","6","6","100","6","100"
15, 12, 18, "bie-doi-gov","Bureau of Indian Education, Department of the Interior","1","1","100","1","100"
15, 12, 18, "blm-gov","Bureau of Land Management, Department of the Interior","5","5","4","95","5"
15, 12, 18, "boem-gov","Bureau of Ocean Energy Management, Department of the Interior","1","1","0","61","1"
15, 12, 18, "resources-ca-gov","California Department of Resources","367","367","62","585","62"
15, 12, 18, "jpl-nasa-gov","California Institute of Technology, Jet Propulsion Laboratory","1","15","83","1","100"
15, 12, 18, "austin-utexas-edu","CCAPS Program, Robert Strauss Center, University of Texas at Austin","1","1","4","9","11"
15, 12, 18, "city-of-baltimore","City of Baltimore","1","1","0","129","0"
15, 12, 18, "city-of-baton-rouge","City of Baton Rouge","3","9","11","20","15"
15, 12, 18, "city-of-charlotte","City of Charlotte","1","1","0","52","1"
15, 12, 18, "city-of-chicago","City of Chicago","12","22","1","429","2"
15, 12, 18, "city-of-los-angeles","City of Los Angeles","7","9","1","214","3"
15, 12, 18, "city-of-new-york","City of New York","29","53","1","1035","2"
15, 12, 18, "city-of-san-francisco","City of San Francisco","5","11","1","342","1"
15, 12, 18, "city-of-seattle","City of Seattle","31","73","7","268","11"
15, 12, 18, "cook-county-of-illinois","Cook County of Illinois","7","10","0","367","1"
15, 12, 18, "cornell-edu","Cornell University ","107","301","13","1772","6"
15, 12, 18, "ceq-eop-gov","Council on Environmental Quality, Executive Office of the President","99","99","98","101","98"
15, 12, 18, "usda-gov","Department of Agriculture","10","10","0","616","1"
15, 12, 18, "doc-gov","Department of Commerce","38","38","8","423","8"
15, 12, 18, "dod-gov","Department of Defense","138","146","37","378","36"
15, 12, 18, "ed-gov","Department of Education","15","37","4","233","6"
15, 12, 18, "doe-gov","Department of Energy","3","4","0","1152","0"
15, 12, 18, "dhs-gov","Department of Homeland Security","12","12","4","251","4"
15, 12, 18, "hud-gov","Department of Housing and Urban Development","13","13","6","174","7"
15, 12, 18, "doj-gov","Department of Justice","1","1","0","954","0"
15, 12, 18, "dol-gov","Department of Labor","30","31","5","374","8"
15, 12, 18, "state-gov","Department of State","3","4","0","109","2"
15, 12, 18, "treasury-gov","Department of the Treasury","8","8","2","237","3"
15, 12, 18, "dot-gov","Department of Transportation","171","176","5","3129","5"
15, 12, 18, "va-gov","Department of Veterans Affairs","2","2","0","1128","0"
15, 12, 18, "edac-unm-edu","Earth Data Analysis Center, University of New Mexico","968","2323","3","5536","17"
15, 12, 18, "eop-gov","Executive Office of the President","2","2","1","44","4"
15, 12, 18, "fcc-gov","Federal Communications Commission","2","2","16","12","16"
15, 12, 18, "fema-gov","Federal Emergency Management Agency, Department of Homeland Security","2413","12805","44","8371","28"
15, 12, 18, "ftc-gov","Federal Trade Commission","6","9","81","6","100"
15, 12, 18, "gsa-gov","General Services Administration","3","3","1","147","2"
15, 12, 18, "glc-org","Great Lakes Commission","60","297","69","86","69"
15, 12, 18, "isu-edu","Idaho State University","56","168","7","2076","2"
15, 12, 18, "imls-gov","Institute of Museum and Library Services","12","16","14","42","28"
15, 12, 18, "iastate-edu","Iowa State University GIS Support and Research Facility","19","20","4","165","11"
15, 12, 18, "kgs-ku-edu","Kansas Data Access and Support Center","31","32","9","165","18"
15, 12, 18, "lagic-lsu-edu","Louisiana Geographic Information Center","22","39","6","274","8"
15, 12, 18, "mspb-gov","Merit Systems Protection Board","3","3","100","3","100"
15, 12, 18, "mcc-gov","Millenium Challenge Corporation","3","6","0","107","2"
15, 12, 18, "montgomery-county-of-maryland","Montgomery County of Maryland","6","15","5","73","8"
15, 12, 18, "nasa-gov","National Aeronautics and Space Administration","806","806","2","31422","2"
15, 12, 18, "nara-gov","National Archives and Records Administration","1","1","1","63","1"
15, 12, 18, "nist-gov","National Institute of Standards and Technology, Department of Commerce","1","2","0","31","3"
15, 12, 18, "nlrb-gov","National Labor Relations Board","1","1","1","56","1"
15, 12, 18, "noaa-gov","National Oceanic and Atmospheric Administration, Department of Commerce","43","43","0","62534","0"
15, 12, 18, "nps-gov","National Park Service, Department of the Interior","1245","3277","12","6784","18"
15, 12, 18, "nsf-gov","National Science Foundation","5","5","3","143","3"
15, 12, 18, "nitrd-gov","Networking and Information Technology Research and Development, Executive Office of the President","4","4","5","58","6"
15, 12, 18, "gis-inventory-ramona-nsgic","NSGIC GIS Inventory (aka Ramona)","3908","4886","18","13975","27"
15, 12, 18, "nrc-gov","Nuclear Regulatory Commission","15","15","24","61","24"
15, 12, 18, "usa-net","Nuna Technologies","1","2","10","8","12"
15, 12, 18, "ornl-gov","Oak Ridge National Laboratory","12","45","22","77","15"
15, 12, 18, "oha-doi-gov","Office of Hearings and Appeals, Department of the Interior","1","1","100","1","100"
15, 12, 18, "onhir-gov","Office of Navajo and Hopi Indian Relocation","4","4","100","4","100"
15, 12, 18, "opm-gov","Office of Personnel Management","2","2","0","497","0"
15, 12, 18, "ostp-eop-gov","Office of Science and Technology Policy, Executive Office of the President","2","2","33","6","33"
15, 12, 18, "opic-gov","Overseas Private Investment Corporation","3","3","100","3","100"
15, 12, 18, "psmfc-org","Pacific States Marine Fisheries Commission","27","73","56","49","55"
15, 12, 18, "sss-gov","Selective Service System","9","9","100","9","100"
15, 12, 18, "state-of-alaska","State of Alaska","5","6","0","369","1"
15, 12, 18, "arkansas-gov","State of Arkansas","68","97","9","359","18"
15, 12, 18, "ca-gov","State of California","244","357","24","722","33"
15, 12, 18, "state-of-connecticut","State of Connecticut","13","39","3","255","5"
15, 12, 18, "state-of-hawaii","State of Hawaii","7","7","0","419","1"
15, 12, 18, "state-of-illinois","State of Illinois","7","7","0","564","1"
15, 12, 18, "state-of-maryland","State of Maryland","6","6","0","297","2"
15, 12, 18, "state-mn-us","State of Minnesota","15","15","6","211","7"
15, 12, 18, "state-of-missouri","State of Missouri","6","18","1","262","2"
15, 12, 18, "state-of-new-york","State of New York","19","56","2","485","3"
15, 12, 18, "nd-gov","State of North Dakota","32","47","4","237","13"
15, 12, 18, "state-of-oregon","State of Oregon","5","5","0","435","1"
15, 12, 18, "state-of-washington","State of Washington","1","1","0","228","0"
15, 12, 18, "un-org","United Nations Cartographic Section","8","8","2","135","5"
15, 12, 18, "university-of-arizona","University of Arizona","3","6","0","591","0"
15, 12, 18, "uidaho-edu","University of Idaho","107","171","15","403","26"
15, 12, 18, "unh-edu","University of New Hampshire","63","171","3","1827","3"
15, 12, 18, "edc-uri-edu","University of Rhode Island Geospatial Extension Program","5","12","13","21","23"
15, 12, 18, "census-gov","US Census Bureau, Department of Commerce","194","235","0","135046","0"
15, 12, 18, "cpsc-gov","US Consumer Product Safety Commission","1","1","14","7","14"
15, 12, 18, "hhs-gov","U.S. Department of Health & Human Services","107","140","3","1725","6"
15, 12, 18, "eeoc-gov","US Equal Employment Opportunity Commission","22","22","24","91","24"
15, 12, 18, "fws-gov","US Fish and Wildlife Service, Department of the Interior","1544","1585","6","24844","6"
15, 12, 18, "fs-fed-us","US Forest Service, Department of Agriculture","1","1","0","759","0"
15, 12, 18, "usgs-gov","U.S. Geological Survey, Department of the Interior","64439","113806","2","1514253","4"
15, 12, 18, "osc-gov","US Office of the Special Counsel","3","3","100","3","100"
15, 12, 18, "vcgi-org","Vermont Center for Geographic Information","171","263","24","231","74"
15, 12, 18, "deq-virginia-gov","Virginia Department of Environmental Quality","1","1","25","2","50"
15, 12, 18, "wake-county","Wake County","1","1","0","130","0"
15, 12, 18, "wustl-edu","Washington University St Louis","59","155","51","60","98"
15, 12, 18, "wwhgd-nga-org","World Wide Human Geography Data Working Group","2","9","37","10","20"
15, 12, 18, "wvu-edu","WV GIS Technical Center","1","2","5","18","5"
15, 12, 19, "azgs-az-gov","Arizona Geological Survey","336","581","17","1588","21"
15, 12, 19, "usace-army-mil","Army Corps of Engineers, Department of the Army, Department of Defense","99","207","39","128","77"
15, 12, 19, "belle-baruch-sc-edu","Baruch Institute for Marine and Coastal Sciences, Univ of South Carolina","10","14","6","26","38"
15, 12, 19, "broadcasting-board-of-governors","Broadcasting Board of Governors","6","6","100","6","100"
15, 12, 19, "bie-doi-gov","Bureau of Indian Education, Department of the Interior","1","1","100","1","100"
15, 12, 19, "blm-gov","Bureau of Land Management, Department of the Interior","5","5","4","95","5"
15, 12, 19, "boem-gov","Bureau of Ocean Energy Management, Department of the Interior","1","1","0","61","1"
15, 12, 19, "resources-ca-gov","California Department of Resources","367","367","62","585","62"
15, 12, 19, "jpl-nasa-gov","California Institute of Technology, Jet Propulsion Laboratory","1","15","83","1","100"
15, 12, 19, "austin-utexas-edu","CCAPS Program, Robert Strauss Center, University of Texas at Austin","1","1","4","9","11"
15, 12, 19, "city-of-baltimore","City of Baltimore","1","1","0","129","0"
15, 12, 19, "city-of-baton-rouge","City of Baton Rouge","3","9","11","20","15"
15, 12, 19, "city-of-charlotte","City of Charlotte","1","1","0","52","1"
15, 12, 19, "city-of-chicago","City of Chicago","12","22","1","429","2"
15, 12, 19, "city-of-los-angeles","City of Los Angeles","7","9","1","214","3"
15, 12, 19, "city-of-new-york","City of New York","29","53","1","1035","2"
15, 12, 19, "city-of-san-francisco","City of San Francisco","5","11","1","342","1"
15, 12, 19, "city-of-seattle","City of Seattle","31","73","7","268","11"
15, 12, 19, "cook-county-of-illinois","Cook County of Illinois","7","10","0","367","1"
15, 12, 19, "cornell-edu","Cornell University ","107","301","13","1772","6"
15, 12, 19, "ceq-eop-gov","Council on Environmental Quality, Executive Office of the President","99","99","98","101","98"
15, 12, 19, "usda-gov","Department of Agriculture","10","10","0","616","1"
15, 12, 19, "doc-gov","Department of Commerce","38","38","8","423","8"
15, 12, 19, "dod-gov","Department of Defense","138","146","37","378","36"
15, 12, 19, "ed-gov","Department of Education","15","37","4","233","6"
15, 12, 19, "doe-gov","Department of Energy","3","4","0","1152","0"
15, 12, 19, "dhs-gov","Department of Homeland Security","12","12","4","251","4"
15, 12, 19, "hud-gov","Department of Housing and Urban Development","13","13","6","174","7"
15, 12, 19, "doj-gov","Department of Justice","1","1","0","954","0"
15, 12, 19, "dol-gov","Department of Labor","30","31","5","374","8"
15, 12, 19, "state-gov","Department of State","3","4","0","109","2"
15, 12, 19, "treasury-gov","Department of the Treasury","8","8","2","237","3"
15, 12, 19, "dot-gov","Department of Transportation","171","176","5","3129","5"
15, 12, 19, "va-gov","Department of Veterans Affairs","2","2","0","1128","0"
15, 12, 19, "edac-unm-edu","Earth Data Analysis Center, University of New Mexico","968","2323","3","5536","17"
15, 12, 19, "eop-gov","Executive Office of the President","2","2","1","44","4"
15, 12, 19, "fcc-gov","Federal Communications Commission","2","2","16","12","16"
15, 12, 19, "fema-gov","Federal Emergency Management Agency, Department of Homeland Security","2413","12805","44","8371","28"
15, 12, 19, "ftc-gov","Federal Trade Commission","6","9","81","6","100"
15, 12, 19, "gsa-gov","General Services Administration","3","3","1","147","2"
15, 12, 19, "glc-org","Great Lakes Commission","60","297","69","86","69"
15, 12, 19, "isu-edu","Idaho State University","56","168","7","2076","2"
15, 12, 19, "imls-gov","Institute of Museum and Library Services","12","16","14","42","28"
15, 12, 19, "iastate-edu","Iowa State University GIS Support and Research Facility","19","20","4","165","11"
15, 12, 19, "kgs-ku-edu","Kansas Data Access and Support Center","31","32","9","165","18"
15, 12, 19, "lagic-lsu-edu","Louisiana Geographic Information Center","22","39","6","274","8"
15, 12, 19, "mspb-gov","Merit Systems Protection Board","3","3","100","3","100"
15, 12, 19, "mcc-gov","Millenium Challenge Corporation","3","6","0","107","2"
15, 12, 19, "montgomery-county-of-maryland","Montgomery County of Maryland","6","15","5","73","8"
15, 12, 19, "nasa-gov","National Aeronautics and Space Administration","806","806","2","31422","2"
15, 12, 19, "nara-gov","National Archives and Records Administration","1","1","1","63","1"
15, 12, 19, "nist-gov","National Institute of Standards and Technology, Department of Commerce","1","2","0","31","3"
15, 12, 19, "nlrb-gov","National Labor Relations Board","1","1","1","56","1"
15, 12, 19, "noaa-gov","National Oceanic and Atmospheric Administration, Department of Commerce","43","43","0","62531","0"
15, 12, 19, "nps-gov","National Park Service, Department of the Interior","1245","3277","12","6784","18"
15, 12, 19, "nsf-gov","National Science Foundation","5","5","3","143","3"
15, 12, 19, "nitrd-gov","Networking and Information Technology Research and Development, Executive Office of the President","4","4","5","58","6"
15, 12, 19, "gis-inventory-ramona-nsgic","NSGIC GIS Inventory (aka Ramona)","3908","4886","18","13975","27"
15, 12, 19, "nrc-gov","Nuclear Regulatory Commission","15","15","24","61","24"
15, 12, 19, "usa-net","Nuna Technologies","1","2","10","8","12"
15, 12, 19, "ornl-gov","Oak Ridge National Laboratory","12","45","22","77","15"
15, 12, 19, "oha-doi-gov","Office of Hearings and Appeals, Department of the Interior","1","1","100","1","100"
15, 12, 19, "onhir-gov","Office of Navajo and Hopi Indian Relocation","4","4","100","4","100"
15, 12, 19, "opm-gov","Office of Personnel Management","2","2","0","497","0"
15, 12, 19, "ostp-eop-gov","Office of Science and Technology Policy, Executive Office of the President","2","2","33","6","33"
15, 12, 19, "opic-gov","Overseas Private Investment Corporation","3","3","100","3","100"
15, 12, 19, "psmfc-org","Pacific States Marine Fisheries Commission","27","73","56","49","55"
15, 12, 19, "sss-gov","Selective Service System","9","9","100","9","100"
15, 12, 19, "state-of-alaska","State of Alaska","5","6","0","369","1"
15, 12, 19, "arkansas-gov","State of Arkansas","68","97","9","359","18"
15, 12, 19, "ca-gov","State of California","244","357","24","722","33"
15, 12, 19, "state-of-connecticut","State of Connecticut","13","39","3","255","5"
15, 12, 19, "state-of-hawaii","State of Hawaii","7","7","0","419","1"
15, 12, 19, "state-of-illinois","State of Illinois","7","7","0","564","1"
15, 12, 19, "state-of-maryland","State of Maryland","6","6","0","297","2"
15, 12, 19, "state-mn-us","State of Minnesota","15","15","6","211","7"
15, 12, 19, "state-of-missouri","State of Missouri","6","18","1","262","2"
15, 12, 19, "state-of-new-york","State of New York","19","56","2","485","3"
15, 12, 19, "nd-gov","State of North Dakota","32","47","4","237","13"
15, 12, 19, "state-of-oregon","State of Oregon","5","5","0","435","1"
15, 12, 19, "state-of-washington","State of Washington","1","1","0","228","0"
15, 12, 19, "un-org","United Nations Cartographic Section","8","8","2","135","5"
15, 12, 19, "university-of-arizona","University of Arizona","3","6","0","591","0"
15, 12, 19, "uidaho-edu","University of Idaho","104","165","15","382","27"
15, 12, 19, "unh-edu","University of New Hampshire","63","171","3","1827","3"
15, 12, 19, "edc-uri-edu","University of Rhode Island Geospatial Extension Program","5","12","13","21","23"
15, 12, 19, "census-gov","US Census Bureau, Department of Commerce","194","235","0","135046","0"
15, 12, 19, "cpsc-gov","US Consumer Product Safety Commission","1","1","14","7","14"
15, 12, 19, "hhs-gov","U.S. Department of Health & Human Services","107","140","3","1720","6"
15, 12, 19, "eeoc-gov","US Equal Employment Opportunity Commission","22","22","24","91","24"
15, 12, 19, "fws-gov","US Fish and Wildlife Service, Department of the Interior","1544","1585","6","24845","6"
15, 12, 19, "fs-fed-us","US Forest Service, Department of Agriculture","1","1","0","759","0"
15, 12, 19, "usgs-gov","U.S. Geological Survey, Department of the Interior","65982","115302","2","1514618","4"
15, 12, 19, "osc-gov","US Office of the Special Counsel","3","3","100","3","100"
15, 12, 19, "vcgi-org","Vermont Center for Geographic Information","171","263","24","231","74"
15, 12, 19, "deq-virginia-gov","Virginia Department of Environmental Quality","1","1","25","2","50"
15, 12, 19, "wake-county","Wake County","1","1","0","130","0"
15, 12, 19, "wustl-edu","Washington University St Louis","59","155","51","60","98"
15, 12, 19, "wwhgd-nga-org","World Wide Human Geography Data Working Group","2","9","37","10","20"
15, 12, 19, "wvu-edu","WV GIS Technical Center","1","2","5","18","5"
15, 12, 20, "azgs-az-gov","Arizona Geological Survey","336","581","17","1588","21"
15, 12, 20, "usace-army-mil","Army Corps of Engineers, Department of the Army, Department of Defense","99","207","39","128","77"
15, 12, 20, "belle-baruch-sc-edu","Baruch Institute for Marine and Coastal Sciences, Univ of South Carolina","10","14","6","26","38"
15, 12, 20, "broadcasting-board-of-governors","Broadcasting Board of Governors","6","6","100","6","100"
15, 12, 20, "bie-doi-gov","Bureau of Indian Education, Department of the Interior","1","1","100","1","100"
15, 12, 20, "blm-gov","Bureau of Land Management, Department of the Interior","5","5","4","95","5"
15, 12, 20, "boem-gov","Bureau of Ocean Energy Management, Department of the Interior","1","1","0","61","1"
15, 12, 20, "resources-ca-gov","California Department of Resources","367","367","62","585","62"
15, 12, 20, "jpl-nasa-gov","California Institute of Technology, Jet Propulsion Laboratory","1","15","83","1","100"
15, 12, 20, "austin-utexas-edu","CCAPS Program, Robert Strauss Center, University of Texas at Austin","1","1","4","9","11"
15, 12, 20, "city-of-baltimore","City of Baltimore","1","1","0","129","0"
15, 12, 20, "city-of-baton-rouge","City of Baton Rouge","3","9","11","20","15"
15, 12, 20, "city-of-charlotte","City of Charlotte","1","1","0","52","1"
15, 12, 20, "city-of-chicago","City of Chicago","12","22","1","429","2"
15, 12, 20, "city-of-los-angeles","City of Los Angeles","7","9","1","213","3"
15, 12, 20, "city-of-new-york","City of New York","29","53","1","1035","2"
15, 12, 20, "city-of-san-francisco","City of San Francisco","5","11","1","342","1"
15, 12, 20, "city-of-seattle","City of Seattle","31","73","7","268","11"
15, 12, 20, "cook-county-of-illinois","Cook County of Illinois","7","10","0","367","1"
15, 12, 20, "cornell-edu","Cornell University ","107","301","13","1772","6"
15, 12, 20, "ceq-eop-gov","Council on Environmental Quality, Executive Office of the President","99","99","98","101","98"
15, 12, 20, "usda-gov","Department of Agriculture","10","10","0","616","1"
15, 12, 20, "doc-gov","Department of Commerce","38","38","8","423","8"
15, 12, 20, "dod-gov","Department of Defense","138","146","37","378","36"
15, 12, 20, "ed-gov","Department of Education","15","37","4","233","6"
15, 12, 20, "doe-gov","Department of Energy","3","4","0","1152","0"
15, 12, 20, "dhs-gov","Department of Homeland Security","12","12","4","251","4"
15, 12, 20, "hud-gov","Department of Housing and Urban Development","13","13","6","174","7"
15, 12, 20, "doj-gov","Department of Justice","1","1","0","954","0"
15, 12, 20, "dol-gov","Department of Labor","30","31","5","374","8"
15, 12, 20, "state-gov","Department of State","3","4","0","109","2"
15, 12, 20, "treasury-gov","Department of the Treasury","8","8","2","237","3"
15, 12, 20, "dot-gov","Department of Transportation","171","176","5","3129","5"
15, 12, 20, "va-gov","Department of Veterans Affairs","2","2","0","1128","0"
15, 12, 20, "edac-unm-edu","Earth Data Analysis Center, University of New Mexico","968","2323","3","5536","17"
15, 12, 20, "eop-gov","Executive Office of the President","2","2","1","44","4"
15, 12, 20, "fcc-gov","Federal Communications Commission","2","2","16","12","16"
15, 12, 20, "fema-gov","Federal Emergency Management Agency, Department of Homeland Security","2413","12805","44","8371","28"
15, 12, 20, "ftc-gov","Federal Trade Commission","6","9","81","6","100"
15, 12, 20, "gsa-gov","General Services Administration","3","3","1","147","2"
15, 12, 20, "glc-org","Great Lakes Commission","60","297","69","86","69"
15, 12, 20, "isu-edu","Idaho State University","56","168","7","2076","2"
15, 12, 20, "imls-gov","Institute of Museum and Library Services","12","16","14","42","28"
15, 12, 20, "iastate-edu","Iowa State University GIS Support and Research Facility","19","20","4","165","11"
15, 12, 20, "kgs-ku-edu","Kansas Data Access and Support Center","31","32","9","165","18"
15, 12, 20, "lagic-lsu-edu","Louisiana Geographic Information Center","22","39","6","274","8"
15, 12, 20, "mspb-gov","Merit Systems Protection Board","3","3","100","3","100"
15, 12, 20, "mcc-gov","Millenium Challenge Corporation","3","6","0","107","2"
15, 12, 20, "montgomery-county-of-maryland","Montgomery County of Maryland","6","15","5","73","8"
15, 12, 20, "nasa-gov","National Aeronautics and Space Administration","806","806","2","31422","2"
15, 12, 20, "nara-gov","National Archives and Records Administration","1","1","1","63","1"
15, 12, 20, "nist-gov","National Institute of Standards and Technology, Department of Commerce","1","2","0","32","3"
15, 12, 20, "nlrb-gov","National Labor Relations Board","1","1","1","56","1"
15, 12, 20, "noaa-gov","National Oceanic and Atmospheric Administration, Department of Commerce","43","43","0","62531","0"
15, 12, 20, "nps-gov","National Park Service, Department of the Interior","1245","3277","12","6784","18"
15, 12, 20, "nsf-gov","National Science Foundation","5","5","3","143","3"
15, 12, 20, "nitrd-gov","Networking and Information Technology Research and Development, Executive Office of the President","4","4","5","58","6"
15, 12, 20, "gis-inventory-ramona-nsgic","NSGIC GIS Inventory (aka Ramona)","3908","4886","18","13975","27"
15, 12, 20, "nrc-gov","Nuclear Regulatory Commission","15","15","24","61","24"
15, 12, 20, "usa-net","Nuna Technologies","1","2","10","8","12"
15, 12, 20, "ornl-gov","Oak Ridge National Laboratory","12","45","22","77","15"
15, 12, 20, "oha-doi-gov","Office of Hearings and Appeals, Department of the Interior","1","1","100","1","100"
15, 12, 20, "onhir-gov","Office of Navajo and Hopi Indian Relocation","4","4","100","4","100"
15, 12, 20, "opm-gov","Office of Personnel Management","2","2","0","497","0"
15, 12, 20, "ostp-eop-gov","Office of Science and Technology Policy, Executive Office of the President","2","2","33","6","33"
15, 12, 20, "opic-gov","Overseas Private Investment Corporation","3","3","100","3","100"
15, 12, 20, "psmfc-org","Pacific States Marine Fisheries Commission","27","73","56","49","55"
15, 12, 20, "sss-gov","Selective Service System","9","9","100","9","100"
15, 12, 20, "state-of-alaska","State of Alaska","5","6","0","369","1"
15, 12, 20, "arkansas-gov","State of Arkansas","68","97","9","359","18"
15, 12, 20, "ca-gov","State of California","244","357","24","722","33"
15, 12, 20, "state-of-connecticut","State of Connecticut","13","39","3","255","5"
15, 12, 20, "state-of-hawaii","State of Hawaii","7","7","0","420","1"
15, 12, 20, "state-of-illinois","State of Illinois","7","7","0","564","1"
15, 12, 20, "state-of-maryland","State of Maryland","6","6","0","297","2"
15, 12, 20, "state-mn-us","State of Minnesota","15","15","6","211","7"
15, 12, 20, "state-of-missouri","State of Missouri","6","18","1","262","2"
15, 12, 20, "state-of-new-york","State of New York","19","56","2","485","3"
15, 12, 20, "nd-gov","State of North Dakota","32","47","4","237","13"
15, 12, 20, "state-of-oregon","State of Oregon","5","5","0","435","1"
15, 12, 20, "state-of-washington","State of Washington","1","1","0","228","0"
15, 12, 20, "un-org","United Nations Cartographic Section","8","8","2","135","5"
15, 12, 20, "university-of-arizona","University of Arizona","3","6","0","591","0"
15, 12, 20, "uidaho-edu","University of Idaho","104","165","15","382","27"
15, 12, 20, "unh-edu","University of New Hampshire","63","171","3","1827","3"
15, 12, 20, "edc-uri-edu","University of Rhode Island Geospatial Extension Program","5","12","13","21","23"
15, 12, 20, "census-gov","US Census Bureau, Department of Commerce","194","235","0","135046","0"
15, 12, 20, "cpsc-gov","US Consumer Product Safety Commission","1","1","14","7","14"
15, 12, 20, "hhs-gov","U.S. Department of Health & Human Services","107","140","3","1715","6"
15, 12, 20, "eeoc-gov","US Equal Employment Opportunity Commission","22","22","24","91","24"
15, 12, 20, "fws-gov","US Fish and Wildlife Service, Department of the Interior","1544","1585","6","24846","6"
15, 12, 20, "fs-fed-us","US Forest Service, Department of Agriculture","1","1","0","759","0"
15, 12, 20, "usgs-gov","U.S. Geological Survey, Department of the Interior","69023","118343","2","1514618","4"
15, 12, 20, "osc-gov","US Office of the Special Counsel","3","3","100","3","100"
15, 12, 20, "vcgi-org","Vermont Center for Geographic Information","171","263","24","231","74"
15, 12, 20, "deq-virginia-gov","Virginia Department of Environmental Quality","1","1","25","2","50"
15, 12, 20, "wake-county","Wake County","1","1","0","130","0"
15, 12, 20, "wustl-edu","Washington University St Louis","59","155","51","60","98"
15, 12, 20, "wwhgd-nga-org","World Wide Human Geography Data Working Group","2","9","37","10","20"
15, 12, 20, "wvu-edu","WV GIS Technical Center","1","2","5","18","5"
15, 12, 21, "azgs-az-gov","Arizona Geological Survey","336","581","17","1588","21"
15, 12, 21, "usace-army-mil","Army Corps of Engineers, Department of the Army, Department of Defense","99","207","39","128","77"
15, 12, 21, "belle-baruch-sc-edu","Baruch Institute for Marine and Coastal Sciences, Univ of South Carolina","10","14","6","26","38"
15, 12, 21, "broadcasting-board-of-governors","Broadcasting Board of Governors","6","6","100","6","100"
15, 12, 21, "bie-doi-gov","Bureau of Indian Education, Department of the Interior","1","1","100","1","100"
15, 12, 21, "blm-gov","Bureau of Land Management, Department of the Interior","5","5","4","95","5"
15, 12, 21, "boem-gov","Bureau of Ocean Energy Management, Department of the Interior","1","1","0","61","1"
15, 12, 21, "resources-ca-gov","California Department of Resources","367","367","62","585","62"
15, 12, 21, "jpl-nasa-gov","California Institute of Technology, Jet Propulsion Laboratory","1","15","83","1","100"
15, 12, 21, "austin-utexas-edu","CCAPS Program, Robert Strauss Center, University of Texas at Austin","1","1","4","9","11"
15, 12, 21, "city-of-baltimore","City of Baltimore","1","1","0","129","0"
15, 12, 21, "city-of-baton-rouge","City of Baton Rouge","3","9","11","20","15"
15, 12, 21, "city-of-charlotte","City of Charlotte","1","1","0","52","1"
15, 12, 21, "city-of-chicago","City of Chicago","12","22","1","429","2"
15, 12, 21, "city-of-los-angeles","City of Los Angeles","7","9","1","213","3"
15, 12, 21, "city-of-new-york","City of New York","29","53","1","1035","2"
15, 12, 21, "city-of-san-francisco","City of San Francisco","5","11","1","342","1"
15, 12, 21, "city-of-seattle","City of Seattle","31","73","7","268","11"
15, 12, 21, "cook-county-of-illinois","Cook County of Illinois","7","10","0","367","1"
15, 12, 21, "cornell-edu","Cornell University ","107","301","13","1772","6"
15, 12, 21, "ceq-eop-gov","Council on Environmental Quality, Executive Office of the President","99","99","98","101","98"
15, 12, 21, "usda-gov","Department of Agriculture","10","10","0","616","1"
15, 12, 21, "doc-gov","Department of Commerce","38","38","8","423","8"
15, 12, 21, "dod-gov","Department of Defense","138","146","37","378","36"
15, 12, 21, "ed-gov","Department of Education","15","37","4","233","6"
15, 12, 21, "doe-gov","Department of Energy","3","4","0","1152","0"
15, 12, 21, "dhs-gov","Department of Homeland Security","12","12","4","251","4"
15, 12, 21, "hud-gov","Department of Housing and Urban Development","13","13","6","174","7"
15, 12, 21, "doj-gov","Department of Justice","1","1","0","954","0"
15, 12, 21, "dol-gov","Department of Labor","30","31","5","374","8"
15, 12, 21, "state-gov","Department of State","3","4","0","109","2"
15, 12, 21, "treasury-gov","Department of the Treasury","8","8","2","237","3"
15, 12, 21, "dot-gov","Department of Transportation","171","176","5","3129","5"
15, 12, 21, "va-gov","Department of Veterans Affairs","2","2","0","1128","0"
15, 12, 21, "edac-unm-edu","Earth Data Analysis Center, University of New Mexico","968","2323","3","5536","17"
15, 12, 21, "eop-gov","Executive Office of the President","2","2","1","44","4"
15, 12, 21, "fcc-gov","Federal Communications Commission","2","2","16","12","16"
15, 12, 21, "fema-gov","Federal Emergency Management Agency, Department of Homeland Security","2413","12805","44","8371","28"
15, 12, 21, "ftc-gov","Federal Trade Commission","6","9","81","6","100"
15, 12, 21, "gsa-gov","General Services Administration","3","3","1","147","2"
15, 12, 21, "glc-org","Great Lakes Commission","60","297","69","86","69"
15, 12, 21, "isu-edu","Idaho State University","56","168","7","2076","2"
15, 12, 21, "imls-gov","Institute of Museum and Library Services","12","16","14","42","28"
15, 12, 21, "iastate-edu","Iowa State University GIS Support and Research Facility","19","20","4","165","11"
15, 12, 21, "kgs-ku-edu","Kansas Data Access and Support Center","31","32","9","165","18"
15, 12, 21, "lagic-lsu-edu","Louisiana Geographic Information Center","22","39","6","274","8"
15, 12, 21, "mspb-gov","Merit Systems Protection Board","3","3","100","3","100"
15, 12, 21, "mcc-gov","Millenium Challenge Corporation","3","6","0","107","2"
15, 12, 21, "montgomery-county-of-maryland","Montgomery County of Maryland","6","15","5","73","8"
15, 12, 21, "nasa-gov","National Aeronautics and Space Administration","806","806","2","31422","2"
15, 12, 21, "nara-gov","National Archives and Records Administration","1","1","1","63","1"
15, 12, 21, "nist-gov","National Institute of Standards and Technology, Department of Commerce","1","2","0","32","3"
15, 12, 21, "nlrb-gov","National Labor Relations Board","1","1","1","56","1"
15, 12, 21, "noaa-gov","National Oceanic and Atmospheric Administration, Department of Commerce","43","43","0","66383","0"
15, 12, 21, "nps-gov","National Park Service, Department of the Interior","1245","3277","12","6784","18"
15, 12, 21, "nsf-gov","National Science Foundation","5","5","3","143","3"
15, 12, 21, "nitrd-gov","Networking and Information Technology Research and Development, Executive Office of the President","4","4","5","58","6"
15, 12, 21, "gis-inventory-ramona-nsgic","NSGIC GIS Inventory (aka Ramona)","3908","4886","18","13975","27"
15, 12, 21, "nrc-gov","Nuclear Regulatory Commission","15","15","24","61","24"
15, 12, 21, "usa-net","Nuna Technologies","1","2","10","8","12"
15, 12, 21, "ornl-gov","Oak Ridge National Laboratory","12","45","22","77","15"
15, 12, 21, "oha-doi-gov","Office of Hearings and Appeals, Department of the Interior","1","1","100","1","100"
15, 12, 21, "onhir-gov","Office of Navajo and Hopi Indian Relocation","4","4","100","4","100"
15, 12, 21, "opm-gov","Office of Personnel Management","2","2","0","497","0"
15, 12, 21, "ostp-eop-gov","Office of Science and Technology Policy, Executive Office of the President","2","2","33","6","33"
15, 12, 21, "opic-gov","Overseas Private Investment Corporation","3","3","100","3","100"
15, 12, 21, "psmfc-org","Pacific States Marine Fisheries Commission","27","73","56","49","55"
15, 12, 21, "sss-gov","Selective Service System","9","9","100","9","100"
15, 12, 21, "state-of-alaska","State of Alaska","5","6","0","369","1"
15, 12, 21, "arkansas-gov","State of Arkansas","68","97","9","359","18"
15, 12, 21, "ca-gov","State of California","244","357","24","722","33"
15, 12, 21, "state-of-connecticut","State of Connecticut","13","39","3","255","5"
15, 12, 21, "state-of-hawaii","State of Hawaii","7","7","0","420","1"
15, 12, 21, "state-of-illinois","State of Illinois","7","7","0","564","1"
15, 12, 21, "state-of-maryland","State of Maryland","6","6","0","297","2"
15, 12, 21, "state-mn-us","State of Minnesota","15","15","6","211","7"
15, 12, 21, "state-of-missouri","State of Missouri","6","18","1","262","2"
15, 12, 21, "state-of-new-york","State of New York","19","56","2","485","3"
15, 12, 21, "nd-gov","State of North Dakota","32","47","4","237","13"
15, 12, 21, "state-of-oregon","State of Oregon","5","5","0","435","1"
15, 12, 21, "state-of-washington","State of Washington","1","1","0","228","0"
15, 12, 21, "un-org","United Nations Cartographic Section","8","8","2","135","5"
15, 12, 21, "university-of-arizona","University of Arizona","3","6","0","591","0"
15, 12, 21, "uidaho-edu","University of Idaho","104","165","15","382","27"
15, 12, 21, "unh-edu","University of New Hampshire","63","171","3","1827","3"
15, 12, 21, "edc-uri-edu","University of Rhode Island Geospatial Extension Program","5","12","13","21","23"
15, 12, 21, "census-gov","US Census Bureau, Department of Commerce","194","235","0","135046","0"
15, 12, 21, "cpsc-gov","US Consumer Product Safety Commission","1","1","14","7","14"
15, 12, 21, "hhs-gov","U.S. Department of Health & Human Services","107","140","3","1715","6"
15, 12, 21, "eeoc-gov","US Equal Employment Opportunity Commission","22","22","24","91","24"
15, 12, 21, "fws-gov","US Fish and Wildlife Service, Department of the Interior","1544","1585","6","24846","6"
15, 12, 21, "fs-fed-us","US Forest Service, Department of Agriculture","1","1","0","759","0"
15, 12, 21, "usgs-gov","U.S. Geological Survey, Department of the Interior","71494","120814","2","1514618","4"
15, 12, 21, "osc-gov","US Office of the Special Counsel","3","3","100","3","100"
15, 12, 21, "vcgi-org","Vermont Center for Geographic Information","171","263","24","231","74"
15, 12, 21, "deq-virginia-gov","Virginia Department of Environmental Quality","1","1","25","2","50"
15, 12, 21, "wake-county","Wake County","1","1","0","130","0"
15, 12, 21, "wustl-edu","Washington University St Louis","59","155","51","60","98"
15, 12, 21, "wwhgd-nga-org","World Wide Human Geography Data Working Group","2","9","37","10","20"
15, 12, 21, "wvu-edu","WV GIS Technical Center","1","2","5","18","5"
